,Title,number of Comment,Mean,Price
0,CHAUSSURES DE BADMINTON ARTENGO BS800 MAN BLANC ARTENGO,33,4.5/5,"
Avant40€00

Maintenant35€00
"
1,CHAUSSURE ENFANT TENNIS ARTENGO TS530 BLANC BLEU ARTENGO,25,4.3/5,"


25€00
"
2,CHAUSSURE ENFANT TENNIS ARTENGO TS530 BLANC BLEU ARTENGO,23,4.4/5,"


25€00
"
3,CHAUSSURES ENFANT TENNIS ARTENGO TS560 GRIS ROSE ARTENGO,19,4.6/5,"


27€00
"
4,CHAUSSURES ENFANT TENNIS ARTENGO TS530 BLANC ROSE ARTENGO,4,4.2/5,"


25€00
"
5,CHAUSSURE ENFANT TENNIS ARTENGO TS530 BLANC ROSE ARTENGO,11,4.7/5,"


25€00
"
6,CHAUSSURES ENFANT TENNIS ARTENGO TS560 BLEU NOIR ARTENGO,75,4.6/5,"


27€00
"
7,CHAUSSURES ENFANT TENNIS ARTENGO TS560 BLEU NOIR ARTENGO,49,4.6/5,"


27€00
"
8,CHAUSSURES ENFANT TENNIS ARTENGO TS130 JR METEOR FLASH ARTENGO,12,4.7/5,"


13€00
"
9,CHAUSSURE ENFANT TENNIS ARTENGO TS160 NOIR MOTIFS SCARABÉE ARTENGO,197,4.6/5,"


18€00
"
10,Chaussure de badminton ARTENGO BS 860 homme Noir Rouge ARTENGO,5,4.4/5,"


40€00
"
11,CHAUSSURES DE BADMINTON ARTENGO BS860 LADY BLANC CORAL ARTENGO,1,4/5,"


40€00
"
12,Chaussures de BADMINTON Artengo BS730 Man Bleu Blanc ARTENGO,53,4.4/5,"


20€00
"
13,CHAUSSURES DE BADMINTON ARTENGO BS760 LADY GRIS ROSE ARTENGO,3,3.7/5,"


30€00
"
14,CHAUSSURE DE BADMINTON ARTENGO BS760 MAN BLANC BLEU ARTENGO,8,4.6/5,"


30€00
"
15,CHAUSSURES ENFANT TENNIS ARTENGO TS560 KD BLUE RED ARTENGO,4,4.2/5,"


27€00
"
16,CHAUSSURES DE TENNIS ENFANT ARTENGO TS990 JR BLEU ARTENGO,21,3.9/5,"


40€00
"
17,CHAUSSURES DE TENNIS HOMME ARTENGO TS560 NOIR ROUGE ARTENGO,7,4.7/5,"
Avant40€00

Maintenant35€00
"
18,CHAUSSURES DE TENNIS HOMME ARTENGO TS990 TERRE BATTUE ORANGE FLUO ARTENGO,12,3.9/5,"


43€00
"
19,Chaussures de BADMINTON - SQUASH ARTENGO BS800 LADY Blanc Bleu ARTENGO,12,4/5,"
Avant40€00

Maintenant35€00
"
20,CHAUSSURES DE TENNIS ENFANT ARTENGO TS560 JR BLUE GREEN ARTENGO,n/a,n/a,"


27€00
"
21,CHAUSSURES ENFANT TENNIS TS100 GRIP BLANC BLEU ARTENGO ARTENGO,117,4.3/5,"


9€00
"
22,CHAUSSURES DE TENNIS FEMME TS160 BLANC ROSE ARTENGO,29,4.3/5,"


20€00
"
23,Chaussures de padel Homme PS830 Bleu / Orange ARTENGO,7,4.7/5,"


25€00
"
24,CHAUSSURES DE PADEL HOMME PS990 Noir rouge ARTENGO,4,3.8/5,"
Avant65€00

Maintenant50€00
"
25,Chaussures de Padel Homme PS860 Noir / Jaune ARTENGO,6,4.5/5,"


39€00
"
26,CHAUSSURES DE BADMINTON HOMME BS990 Man Orange ARTENGO,7,4.6/5,"


60€00
"
27,CHAUSSURES DE TENNIS FEMME TS560 Marine ARTENGO,3,5/5,"
Avant40€00

Maintenant35€00
"
28,CHAUSSURE BADMINTON ENFANT BS800 KD JAUNE BLEU ARTENGO,2,5/5,"


30€00
"
29,CHAUSSURE BADMINTON JUNIOR BS800 JR JAUNE BLEU ARTENGO,6,4.8/5,"


30€00
"
30,CHAUSSURE DE BADMINTON ENFANT BS730 JR BLEU ARTENGO,11,4.8/5,"


20€00
"
31,CHAUSSURES DE TENNIS FEMME TS100 BLANC ARTENGO,34,4.4/5,"


15€00
"
32,CHAUSSURES DE TENNIS FEMME CLAY TS990 TURQUOISE ARTENGO,1,5/5,"


65€00
"
33,CHAUSSURES DE TENNIS FEMME TS990 TURQUOISE ARTENGO,3,4.3/5,"


65€00
"
34,CHAUSSURES DE PADEL HOMME PS990 JAUNE ARTENGO,2,5/5,"


65€00
"
35,CHAUSSURES DE TENNIS FEMME TS 190 BLANC ARTENGO,2,4/5,"


30€00
"
36,CHAUSSURES DE TENNIS HOMME TS990 NOIR JAUNE MULTI COURT ARTENGO,31,4.2/5,"


65€00
"
37,CHAUSSURES DE TENNIS FEMME TERRE BATTUE TS190 BLEU JAUNE ARTENGO,10,3.8/5,"


15€00
"
38,CHAUSSURES DE TENNIS HOMME TS560 BLANC ROUGE MULTI COURT ARTENGO,40,4.4/5,"


30€00
"
39,Chaussures de Tennis Homme TS190 Blanc Multi Court ARTENGO,40,4.6/5,"


30€00
"
40,CHAUSSURES DE BADMINTON ARTENGO BS800 MAN BLANC ARTENGO,33,4.5/5,"
Avant40€00

Maintenant35€00
"
41,CHAUSSURE ENFANT TENNIS ARTENGO TS530 BLANC BLEU ARTENGO,25,4.3/5,"


25€00
"
42,CHAUSSURE ENFANT TENNIS ARTENGO TS530 BLANC BLEU ARTENGO,23,4.4/5,"


25€00
"
43,CHAUSSURES ENFANT TENNIS ARTENGO TS560 GRIS ROSE ARTENGO,19,4.6/5,"


27€00
"
44,CHAUSSURES ENFANT TENNIS ARTENGO TS530 BLANC ROSE ARTENGO,4,4.2/5,"


25€00
"
45,CHAUSSURE ENFANT TENNIS ARTENGO TS530 BLANC ROSE ARTENGO,11,4.7/5,"


25€00
"
46,CHAUSSURES ENFANT TENNIS ARTENGO TS560 BLEU NOIR ARTENGO,75,4.6/5,"


27€00
"
47,CHAUSSURES ENFANT TENNIS ARTENGO TS560 BLEU NOIR ARTENGO,49,4.6/5,"


27€00
"
48,CHAUSSURES ENFANT TENNIS ARTENGO TS130 JR METEOR FLASH ARTENGO,12,4.7/5,"


13€00
"
49,CHAUSSURE ENFANT TENNIS ARTENGO TS160 NOIR MOTIFS SCARABÉE ARTENGO,197,4.6/5,"


18€00
"
50,Chaussure de badminton ARTENGO BS 860 homme Noir Rouge ARTENGO,5,4.4/5,"


40€00
"
51,CHAUSSURES DE BADMINTON ARTENGO BS860 LADY BLANC CORAL ARTENGO,1,4/5,"


40€00
"
52,Chaussures de BADMINTON Artengo BS730 Man Bleu Blanc ARTENGO,53,4.4/5,"


20€00
"
53,CHAUSSURES DE BADMINTON ARTENGO BS760 LADY GRIS ROSE ARTENGO,3,3.7/5,"


30€00
"
54,CHAUSSURE DE BADMINTON ARTENGO BS760 MAN BLANC BLEU ARTENGO,8,4.6/5,"


30€00
"
55,CHAUSSURES ENFANT TENNIS ARTENGO TS560 KD BLUE RED ARTENGO,4,4.2/5,"


27€00
"
56,CHAUSSURES DE TENNIS ENFANT ARTENGO TS990 JR BLEU ARTENGO,21,3.9/5,"


40€00
"
57,CHAUSSURES DE TENNIS HOMME ARTENGO TS560 NOIR ROUGE ARTENGO,7,4.7/5,"
Avant40€00

Maintenant35€00
"
58,CHAUSSURES DE TENNIS HOMME ARTENGO TS990 TERRE BATTUE ORANGE FLUO ARTENGO,12,3.9/5,"


43€00
"
59,Chaussures de BADMINTON - SQUASH ARTENGO BS800 LADY Blanc Bleu ARTENGO,12,4/5,"
Avant40€00

Maintenant35€00
"
60,CHAUSSURES DE TENNIS ENFANT ARTENGO TS560 JR BLUE GREEN ARTENGO,n/a,n/a,"


27€00
"
61,CHAUSSURES ENFANT TENNIS TS100 GRIP BLANC BLEU ARTENGO ARTENGO,117,4.3/5,"


9€00
"
62,CHAUSSURES DE TENNIS FEMME TS160 BLANC ROSE ARTENGO,29,4.3/5,"


20€00
"
63,Chaussures de padel Homme PS830 Bleu / Orange ARTENGO,7,4.7/5,"


25€00
"
64,CHAUSSURES DE PADEL HOMME PS990 Noir rouge ARTENGO,4,3.8/5,"
Avant65€00

Maintenant50€00
"
65,Chaussures de Padel Homme PS860 Noir / Jaune ARTENGO,6,4.5/5,"


39€00
"
66,CHAUSSURES DE BADMINTON HOMME BS990 Man Orange ARTENGO,7,4.6/5,"


60€00
"
67,CHAUSSURES DE TENNIS FEMME TS560 Marine ARTENGO,3,5/5,"
Avant40€00

Maintenant35€00
"
68,CHAUSSURE BADMINTON ENFANT BS800 KD JAUNE BLEU ARTENGO,2,5/5,"


30€00
"
69,CHAUSSURE BADMINTON JUNIOR BS800 JR JAUNE BLEU ARTENGO,6,4.8/5,"


30€00
"
70,CHAUSSURE DE BADMINTON ENFANT BS730 JR BLEU ARTENGO,11,4.8/5,"


20€00
"
71,CHAUSSURES DE TENNIS FEMME TS100 BLANC ARTENGO,34,4.4/5,"


15€00
"
72,CHAUSSURES DE TENNIS FEMME CLAY TS990 TURQUOISE ARTENGO,1,5/5,"


65€00
"
73,CHAUSSURES DE TENNIS FEMME TS990 TURQUOISE ARTENGO,3,4.3/5,"


65€00
"
74,CHAUSSURES DE PADEL HOMME PS990 JAUNE ARTENGO,2,5/5,"


65€00
"
75,CHAUSSURES DE TENNIS FEMME TS 190 BLANC ARTENGO,2,4/5,"


30€00
"
76,CHAUSSURES DE TENNIS HOMME TS990 NOIR JAUNE MULTI COURT ARTENGO,31,4.2/5,"


65€00
"
77,CHAUSSURES DE TENNIS FEMME TERRE BATTUE TS190 BLEU JAUNE ARTENGO,10,3.8/5,"


15€00
"
78,CHAUSSURES DE TENNIS HOMME TS560 BLANC ROUGE MULTI COURT ARTENGO,40,4.4/5,"


30€00
"
79,Chaussures de Tennis Homme TS190 Blanc Multi Court ARTENGO,40,4.6/5,"


30€00
"
